[
  {
    "id": 1,
    "slug": "recent-design-course",
    "topic": "Course: New Courses",
    "title": "Recently Update Web Design Course",
    "description": "Onubia semper vel donec torquent fusce mauris felis aptent lacinia nisl, lectus himenaeos euismod molestie iaculis interdum in laoreet condimentum dictum, quisque quam risus sollicitudin gravida ut odio per a et. Gravida maecenas lobortis suscipit mus sociosqu convallis, mollis vestibulum donec aliquam risus sapien ridiculus, nulla sollicitudin eget in venenatis. Tortor montes platea iaculis posuere per mauris, eros porta blandit curabitur ullamcorper varius",
    "date": "November 28, 2023",
    "time": "10:00 pm"
  },
  {
    "id": 2,
    "slug": "web-design-course",
    "topic": "Design: New Designs",
    "title": "Web Design Course",
    "description": "Onubia semper vel donec torquent fusce mauris felis aptent lacinia nisl, lectus himenaeos euismod molestie iaculis interdum in laoreet condimentum dictum, quisque quam risus sollicitudin gravida ut odio per a et. Gravida maecenas lobortis suscipit mus sociosqu convallis, mollis vestibulum donec aliquam risus sapien ridiculus, nulla sollicitudin eget in venenatis. Tortor montes platea iaculis posuere per mauris, eros porta blandit curabitur ullamcorper varius",
    "date": "November 28, 2023",
    "time": "09:00 pm"
  },
  {
    "id": 3,
    "slug": "marketing-design-course",
    "topic": "Marketing: New Marketing",
    "title": "Update Web Design",
    "description": "Onubia semper vel donec torquent fusce mauris felis aptent lacinia nisl, lectus himenaeos euismod molestie iaculis interdum in laoreet condimentum dictum, quisque quam risus sollicitudin gravida ut odio per a et. Gravida maecenas lobortis suscipit mus sociosqu convallis, mollis vestibulum donec aliquam risus sapien ridiculus, nulla sollicitudin eget in venenatis. Tortor montes platea iaculis posuere per mauris, eros porta blandit curabitur ullamcorper varius",
    "date": "November 28, 2023",
    "time": "09:30 pm"
  },
  {
    "id": 4,
    "slug": "recent-web-course",
    "topic": "Course: New Courses",
    "title": "Recently Update Web",
    "description": "Onubia semper vel donec torquent fusce mauris felis aptent lacinia nisl, lectus himenaeos euismod molestie iaculis interdum in laoreet condimentum dictum, quisque quam risus sollicitudin gravida ut odio per a et. Gravida maecenas lobortis suscipit mus sociosqu convallis, mollis vestibulum donec aliquam risus sapien ridiculus, nulla sollicitudin eget in venenatis. Tortor montes platea iaculis posuere per mauris, eros porta blandit curabitur ullamcorper varius",
    "date": "November 28, 2023",
    "time": "08:30 pm"
  },
  {
    "id": 5,
    "slug": "update-design-course",
    "topic": "Design: New Designs",
    "title": "Web: Update Web Design Course",
    "description": "Onubia semper vel donec torquent fusce mauris felis aptent lacinia nisl, lectus himenaeos euismod molestie iaculis interdum in laoreet condimentum dictum, quisque quam risus sollicitudin gravida ut odio per a et. Gravida maecenas lobortis suscipit mus sociosqu convallis, mollis vestibulum donec aliquam risus sapien ridiculus, nulla sollicitudin eget in venenatis. Tortor montes platea iaculis posuere per mauris, eros porta blandit curabitur ullamcorper varius",
    "date": "November 28, 2023",
    "time": "09:00 pm"
  },
  {
    "id": 6,
    "slug": "recent-web-design",
    "topic": "Course: New Courses",
    "title": "Recently Update Web Design Course",
    "description": "Onubia semper vel donec torquent fusce mauris felis aptent lacinia nisl, lectus himenaeos euismod molestie iaculis interdum in laoreet condimentum dictum, quisque quam risus sollicitudin gravida ut odio per a et. Gravida maecenas lobortis suscipit mus sociosqu convallis, mollis vestibulum donec aliquam risus sapien ridiculus, nulla sollicitudin eget in venenatis. Tortor montes platea iaculis posuere per mauris, eros porta blandit curabitur ullamcorper varius",
    "date": "November 28, 2023",
    "time": "09:15 pm"
  },
  {
    "id": 7,
    "slug": "update-web-course",
    "topic": "Course: New Courses",
    "title": "Recently Update Web",
    "description": "Onubia semper vel donec torquent fusce mauris felis aptent lacinia nisl, lectus himenaeos euismod molestie iaculis interdum in laoreet condimentum dictum, quisque quam risus sollicitudin gravida ut odio per a et. Gravida maecenas lobortis suscipit mus sociosqu convallis, mollis vestibulum donec aliquam risus sapien ridiculus, nulla sollicitudin eget in venenatis. Tortor montes platea iaculis posuere per mauris, eros porta blandit curabitur ullamcorper varius",
    "date": "November 28, 2023",
    "time": "08:20 pm"
  },
  {
    "id": 8,
    "slug": "recent-web-design-course",
    "topic": "Course: New Courses",
    "title": "Web Design Course",
    "description": "Onubia semper vel donec torquent fusce mauris felis aptent lacinia nisl, lectus himenaeos euismod molestie iaculis interdum in laoreet condimentum dictum, quisque quam risus sollicitudin gravida ut odio per a et. Gravida maecenas lobortis suscipit mus sociosqu convallis, mollis vestibulum donec aliquam risus sapien ridiculus, nulla sollicitudin eget in venenatis. Tortor montes platea iaculis posuere per mauris, eros porta blandit curabitur ullamcorper varius",
    "date": "November 28, 2023",
    "time": "10:00 pm"
  },
  {
    "id": 9,
    "slug": "update-web-design-course",
    "topic": "Course: New Courses",
    "title": "Update Web Design",
    "description": "Onubia semper vel donec torquent fusce mauris felis aptent lacinia nisl, lectus himenaeos euismod molestie iaculis interdum in laoreet condimentum dictum, quisque quam risus sollicitudin gravida ut odio per a et. Gravida maecenas lobortis suscipit mus sociosqu convallis, mollis vestibulum donec aliquam risus sapien ridiculus, nulla sollicitudin eget in venenatis. Tortor montes platea iaculis posuere per mauris, eros porta blandit curabitur ullamcorper varius",
    "date": "November 28, 2023",
    "time": "10:30 pm"
  },
  {
    "id": 10,
    "slug": "recent-update-design-course",
    "topic": "Course: New Courses",
    "title": "Recently Update Web Design Course",
    "description": "Onubia semper vel donec torquent fusce mauris felis aptent lacinia nisl, lectus himenaeos euismod molestie iaculis interdum in laoreet condimentum dictum, quisque quam risus sollicitudin gravida ut odio per a et. Gravida maecenas lobortis suscipit mus sociosqu convallis, mollis vestibulum donec aliquam risus sapien ridiculus, nulla sollicitudin eget in venenatis. Tortor montes platea iaculis posuere per mauris, eros porta blandit curabitur ullamcorper varius",
    "date": "November 28, 2023",
    "time": "08:30 pm"
  },
  {
    "id": 11,
    "slug": "recent-web-design-course",
    "topic": "Course: New Courses",
    "title": "Web Design Course",
    "description": "Onubia semper vel donec torquent fusce mauris felis aptent lacinia nisl, lectus himenaeos euismod molestie iaculis interdum in laoreet condimentum dictum, quisque quam risus sollicitudin gravida ut odio per a et. Gravida maecenas lobortis suscipit mus sociosqu convallis, mollis vestibulum donec aliquam risus sapien ridiculus, nulla sollicitudin eget in venenatis. Tortor montes platea iaculis posuere per mauris, eros porta blandit curabitur ullamcorper varius",
    "date": "November 28, 2023",
    "time": "09:00 pm"
  },
  {
    "id": 12,
    "slug": "recent-web-design-course",
    "topic": "Course: New Courses",
    "title": "Recently Update Web Design Course",
    "description": "Onubia semper vel donec torquent fusce mauris felis aptent lacinia nisl, lectus himenaeos euismod molestie iaculis interdum in laoreet condimentum dictum, quisque quam risus sollicitudin gravida ut odio per a et. Gravida maecenas lobortis suscipit mus sociosqu convallis, mollis vestibulum donec aliquam risus sapien ridiculus, nulla sollicitudin eget in venenatis. Tortor montes platea iaculis posuere per mauris, eros porta blandit curabitur ullamcorper varius",
    "date": "November 28, 2023",
    "time": "10:30 pm"
  }
]
