[
  {
    "id": 1,
    "slug": "recent-design-course",
    "topic": "New Courses",
    "title": "Recently Update Web Design Assignment",
    "description": "Onubia semper vel donec torquent fusce mauris felis aptent lacinia nisl, lectus himenaeos euismod molestie iaculis interdum in laoreet condimentum dictum, quisque quam risus sollicitudin gravida ut odio per a et. Gravida maecenas lobortis suscipit mus sociosqu convallis, mollis vestibulum donec aliquam risus sapien ridiculus, nulla sollicitudin eget in venenatis. Tortor montes platea iaculis posuere per mauris, eros porta blandit curabitur ullamcorper varius",
    "marks": "6",
    "submit": "9"
  },
  {
    "id": 2,
    "slug": "web-design-course",
    "topic": "New Designs",
    "title": "Web Design Assignment",
    "description": "Onubia semper vel donec torquent fusce mauris felis aptent lacinia nisl, lectus himenaeos euismod molestie iaculis interdum in laoreet condimentum dictum, quisque quam risus sollicitudin gravida ut odio per a et. Gravida maecenas lobortis suscipit mus sociosqu convallis, mollis vestibulum donec aliquam risus sapien ridiculus, nulla sollicitudin eget in venenatis. Tortor montes platea iaculis posuere per mauris, eros porta blandit curabitur ullamcorper varius",
    "marks": "6",
    "submit": "9"
  },
  {
    "id": 3,
    "slug": "marketing-design-course",
    "topic": "Marketing: New Marketing",
    "title": "Update Web Design Assignment",
    "description": "Onubia semper vel donec torquent fusce mauris felis aptent lacinia nisl, lectus himenaeos euismod molestie iaculis interdum in laoreet condimentum dictum, quisque quam risus sollicitudin gravida ut odio per a et. Gravida maecenas lobortis suscipit mus sociosqu convallis, mollis vestibulum donec aliquam risus sapien ridiculus, nulla sollicitudin eget in venenatis. Tortor montes platea iaculis posuere per mauris, eros porta blandit curabitur ullamcorper varius",
    "marks": "6",
    "submit": "9"
  },
  {
    "id": 4,
    "slug": "recent-web-course",
    "topic": "New Courses",
    "title": "Recently Update Web Assignment",
    "description": "Onubia semper vel donec torquent fusce mauris felis aptent lacinia nisl, lectus himenaeos euismod molestie iaculis interdum in laoreet condimentum dictum, quisque quam risus sollicitudin gravida ut odio per a et. Gravida maecenas lobortis suscipit mus sociosqu convallis, mollis vestibulum donec aliquam risus sapien ridiculus, nulla sollicitudin eget in venenatis. Tortor montes platea iaculis posuere per mauris, eros porta blandit curabitur ullamcorper varius",
    "marks": "6",
    "submit": "9"
  },
  {
    "id": 5,
    "slug": "update-design-course",
    "topic": "New Designs",
    "title": "Web: Update Web Design Course",
    "description": "Onubia semper vel donec torquent fusce mauris felis aptent lacinia nisl, lectus himenaeos euismod molestie iaculis interdum in laoreet condimentum dictum, quisque quam risus sollicitudin gravida ut odio per a et. Gravida maecenas lobortis suscipit mus sociosqu convallis, mollis vestibulum donec aliquam risus sapien ridiculus, nulla sollicitudin eget in venenatis. Tortor montes platea iaculis posuere per mauris, eros porta blandit curabitur ullamcorper varius",
    "marks": "6",
    "submit": "9"
  },
  {
    "id": 6,
    "slug": "recent-web-design",
    "topic": "New Courses",
    "title": "Recently Update Web Design Assignment",
    "description": "Onubia semper vel donec torquent fusce mauris felis aptent lacinia nisl, lectus himenaeos euismod molestie iaculis interdum in laoreet condimentum dictum, quisque quam risus sollicitudin gravida ut odio per a et. Gravida maecenas lobortis suscipit mus sociosqu convallis, mollis vestibulum donec aliquam risus sapien ridiculus, nulla sollicitudin eget in venenatis. Tortor montes platea iaculis posuere per mauris, eros porta blandit curabitur ullamcorper varius",
    "marks": "6",
    "submit": "9"
  },
  {
    "id": 7,
    "slug": "update-web-course",
    "topic": "New Courses",
    "title": "Recently Update Web Assignment",
    "description": "Onubia semper vel donec torquent fusce mauris felis aptent lacinia nisl, lectus himenaeos euismod molestie iaculis interdum in laoreet condimentum dictum, quisque quam risus sollicitudin gravida ut odio per a et. Gravida maecenas lobortis suscipit mus sociosqu convallis, mollis vestibulum donec aliquam risus sapien ridiculus, nulla sollicitudin eget in venenatis. Tortor montes platea iaculis posuere per mauris, eros porta blandit curabitur ullamcorper varius",
    "marks": "6",
    "submit": "9"
  },
  {
    "id": 8,
    "slug": "recent-web-design-course",
    "topic": "New Courses",
    "title": "Web Design Assignment",
    "description": "Onubia semper vel donec torquent fusce mauris felis aptent lacinia nisl, lectus himenaeos euismod molestie iaculis interdum in laoreet condimentum dictum, quisque quam risus sollicitudin gravida ut odio per a et. Gravida maecenas lobortis suscipit mus sociosqu convallis, mollis vestibulum donec aliquam risus sapien ridiculus, nulla sollicitudin eget in venenatis. Tortor montes platea iaculis posuere per mauris, eros porta blandit curabitur ullamcorper varius",
    "marks": "6",
    "submit": "9"
  },
  {
    "id": 9,
    "slug": "update-web-design-course",
    "topic": "New Courses",
    "title": "Update Web Design Assignment",
    "description": "Onubia semper vel donec torquent fusce mauris felis aptent lacinia nisl, lectus himenaeos euismod molestie iaculis interdum in laoreet condimentum dictum, quisque quam risus sollicitudin gravida ut odio per a et. Gravida maecenas lobortis suscipit mus sociosqu convallis, mollis vestibulum donec aliquam risus sapien ridiculus, nulla sollicitudin eget in venenatis. Tortor montes platea iaculis posuere per mauris, eros porta blandit curabitur ullamcorper varius",
    "marks": "6",
    "submit": "9"
  },
  {
    "id": 10,
    "slug": "recent-update-design-course",
    "topic": "New Courses",
    "title": "Recently Update Web Design Assignment",
    "description": "Onubia semper vel donec torquent fusce mauris felis aptent lacinia nisl, lectus himenaeos euismod molestie iaculis interdum in laoreet condimentum dictum, quisque quam risus sollicitudin gravida ut odio per a et. Gravida maecenas lobortis suscipit mus sociosqu convallis, mollis vestibulum donec aliquam risus sapien ridiculus, nulla sollicitudin eget in venenatis. Tortor montes platea iaculis posuere per mauris, eros porta blandit curabitur ullamcorper varius",
    "marks": "6",
    "submit": "9"
  },
  {
    "id": 11,
    "slug": "recent-web-design-course",
    "topic": "New Courses",
    "title": "Web Design Assignment",
    "description": "Onubia semper vel donec torquent fusce mauris felis aptent lacinia nisl, lectus himenaeos euismod molestie iaculis interdum in laoreet condimentum dictum, quisque quam risus sollicitudin gravida ut odio per a et. Gravida maecenas lobortis suscipit mus sociosqu convallis, mollis vestibulum donec aliquam risus sapien ridiculus, nulla sollicitudin eget in venenatis. Tortor montes platea iaculis posuere per mauris, eros porta blandit curabitur ullamcorper varius",
    "marks": "6",
    "submit": "9"
  },
  {
    "id": 12,
    "slug": "recent-web-design-course",
    "topic": "New Courses",
    "title": "Recently Update Web Design Assignment",
    "description": "Onubia semper vel donec torquent fusce mauris felis aptent lacinia nisl, lectus himenaeos euismod molestie iaculis interdum in laoreet condimentum dictum, quisque quam risus sollicitudin gravida ut odio per a et. Gravida maecenas lobortis suscipit mus sociosqu convallis, mollis vestibulum donec aliquam risus sapien ridiculus, nulla sollicitudin eget in venenatis. Tortor montes platea iaculis posuere per mauris, eros porta blandit curabitur ullamcorper varius",
    "marks": "6",
    "submit": "9"
  }
]
