[
  {
    "id": 1,
    "slug": "azure-ai-fundamentals",
    "title": "Azure AI Fundamentals: How to Pass the AI-900 Exam",
    "description": "Onubia semper vel donec torquent fusce mauris felis aptent lacinia nisl, lectus himenaeos euismod molestie iaculis interdum in laoreet condimentum dictum, quisque quam risus sollicitudin gravida ut odio per a et. Gravida maecenas lobortis suscipit mus sociosqu convallis, mollis vestibulum donec aliquam risus sapien ridiculus, nulla sollicitudin eget in venenatis. Tortor montes platea iaculis posuere per mauris, eros porta blandit curabitur ullamcorper varius",
    "image": "/images/blog/01.jpg",
    "width": "1600",
    "height": "960",
    "detailsImg": "/images/blog/02.jpg",
    "category": "Business",
    "tag": "Business",
    "publishedDate": "14 June 2023",
    "author": "Jonathon Lopez",
    "btnText": "Read More"
  },
  {
    "id": 2,
    "slug": "cloud-security-best-practices",
    "title": "Top 10 Cloud Security Best Practices",
    "description": "Onubia semper vel donec torquent fusce mauris felis aptent lacinia nisl, lectus himenaeos euismod molestie iaculis interdum in laoreet condimentum dictum, quisque quam risus sollicitudin gravida ut odio per a et. Gravida maecenas lobortis suscipit mus sociosqu convallis, mollis vestibulum donec aliquam risus sapien ridiculus, nulla sollicitudin eget in venenatis. Tortor montes platea iaculis posuere per mauris, eros porta blandit curabitur ullamcorper varius",
    "image": "/images/blog/02.jpg",
    "width": "1600",
    "height": "960",
    "detailsImg": "/images/blog/03.jpg",
    "category": "Technology",
    "tag": "Cloud",
    "publishedDate": "20 June 2023",
    "author": "Amanda Clark",
    "btnText": "Read More"
  },
  {
    "id": 3,
    "slug": "effective-data-analysis",
    "title": "Effective Data Analysis Technique Analysis",
    "description": "Onubia semper vel donec torquent fusce mauris felis aptent lacinia nisl, lectus himenaeos euismod molestie iaculis interdum in laoreet condimentum dictum, quisque quam risus sollicitudin gravida ut odio per a et. Gravida maecenas lobortis suscipit mus sociosqu convallis, mollis vestibulum donec aliquam risus sapien ridiculus, nulla sollicitudin eget in venenatis. Tortor montes platea iaculis posuere per mauris, eros porta blandit curabitur ullamcorper varius",
    "image": "/images/blog/03.jpg",
    "width": "1600",
    "height": "960",
    "detailsImg": "/images/blog/04.jpg",
    "category": "Data Science",
    "tag": "Analysis",
    "publishedDate": "22 June 2023",
    "author": "Michael Roberts",
    "btnText": "Read More"
  },
  {
    "id": 4,
    "slug": "machine-learning-trends",
    "title": "Machine Learning Trends to Watch in 2024",
    "description": "Onubia semper vel donec torquent fusce mauris felis aptent lacinia nisl, lectus himenaeos euismod molestie iaculis interdum in laoreet condimentum dictum, quisque quam risus sollicitudin gravida ut odio per a et. Gravida maecenas lobortis suscipit mus sociosqu convallis, mollis vestibulum donec aliquam risus sapien ridiculus, nulla sollicitudin eget in venenatis. Tortor montes platea iaculis posuere per mauris, eros porta blandit curabitur ullamcorper varius",
    "image": "/images/blog/05.jpg",
    "width": "1600",
    "height": "960",
    "detailsImg": "/images/blog/06.jpg",
    "category": "AI",
    "tag": "ML",
    "publishedDate": "25 June 2023",
    "author": "Samantha Green",
    "btnText": "Read More"
  },
  {
    "id": 5,
    "slug": "digital-transformation-strategies",
    "title": "Strategies for Successful Digital Transformation",
    "description": "Onubia semper vel donec torquent fusce mauris felis aptent lacinia nisl, lectus himenaeos euismod molestie iaculis interdum in laoreet condimentum dictum, quisque quam risus sollicitudin gravida ut odio per a et. Gravida maecenas lobortis suscipit mus sociosqu convallis, mollis vestibulum donec aliquam risus sapien ridiculus, nulla sollicitudin eget in venenatis. Tortor montes platea iaculis posuere per mauris, eros porta blandit curabitur ullamcorper varius",
    "image": "/images/blog/09.jpg",
    "width": "1600",
    "height": "960",
    "detailsImg": "/images/blog/10.jpg",
    "category": "Business",
    "tag": "Digital",
    "publishedDate": "30 June 2023",
    "author": "David Miller",
    "btnText": "Read More"
  },
  {
    "id": 6,
    "slug": "getting-started-with-iot",
    "title": "Getting Started with IoT: A Beginner's Guide",
    "description": "Onubia semper vel donec torquent fusce mauris felis aptent lacinia nisl, lectus himenaeos euismod molestie iaculis interdum in laoreet condimentum dictum, quisque quam risus sollicitudin gravida ut odio per a et. Gravida maecenas lobortis suscipit mus sociosqu convallis, mollis vestibulum donec aliquam risus sapien ridiculus, nulla sollicitudin eget in venenatis. Tortor montes platea iaculis posuere per mauris, eros porta blandit curabitur ullamcorper varius",
    "image": "/images/blog/11.jpg",
    "width": "1600",
    "height": "960",
    "detailsImg": "/images/blog/12.jpg",
    "category": "Technology",
    "tag": "IoT",
    "publishedDate": "5 July 2023",
    "author": "Lucy Smith",
    "btnText": "Read More"
  },
  {
    "id": 7,
    "slug": "ai-in-healthcare",
    "title": "How AI is Transforming Healthcare",
    "description": "Onubia semper vel donec torquent fusce mauris felis aptent lacinia nisl, lectus himenaeos euismod molestie iaculis interdum in laoreet condimentum dictum, quisque quam risus sollicitudin gravida ut odio per a et. Gravida maecenas lobortis suscipit mus sociosqu convallis, mollis vestibulum donec aliquam risus sapien ridiculus, nulla sollicitudin eget in venenatis. Tortor montes platea iaculis posuere per mauris, eros porta blandit curabitur ullamcorper varius",
    "image": "/images/blog/4.jpg",
    "width": "1600",
    "height": "960",
    "detailsImg": "/images/blog/3.jpg",
    "category": "Health",
    "tag": "AI",
    "publishedDate": "10 July 2023",
    "author": "John Doe",
    "btnText": "Read More"
  },
  {
    "id": 8,
    "slug": "big-data-challenges",
    "title": "Challenges in Big Data and How to Overcome Them",
    "description": "Onubia semper vel donec torquent fusce mauris felis aptent lacinia nisl, lectus himenaeos euismod molestie iaculis interdum in laoreet condimentum dictum, quisque quam risus sollicitudin gravida ut odio per a et. Gravida maecenas lobortis suscipit mus sociosqu convallis, mollis vestibulum donec aliquam risus sapien ridiculus, nulla sollicitudin eget in venenatis. Tortor montes platea iaculis posuere per mauris, eros porta blandit curabitur ullamcorper varius",
    "image": "/images/blog/6.jpg",
    "width": "1600",
    "height": "960",
    "detailsImg": "/images/blog/5.jpg",
    "category": "Data Science",
    "tag": "Big Data",
    "publishedDate": "15 July 2023",
    "author": "Emily Johnson",
    "btnText": "Read More"
  },
  {
    "id": 9,
    "slug": "cybersecurity-essentials",
    "title": "Cybersecurity Essentials for Small Businesses",
    "description": "Onubia semper vel donec torquent fusce mauris felis aptent lacinia nisl, lectus himenaeos euismod molestie iaculis interdum in laoreet condimentum dictum, quisque quam risus sollicitudin gravida ut odio per a et. Gravida maecenas lobortis suscipit mus sociosqu convallis, mollis vestibulum donec aliquam risus sapien ridiculus, nulla sollicitudin eget in venenatis. Tortor montes platea iaculis posuere per mauris, eros porta blandit curabitur ullamcorper varius",
    "image": "/images/blog/8.jpg",
    "width": "1600",
    "height": "960",
    "detailsImg": "/images/blog/7.jpg",
    "category": "Security",
    "tag": "Cybersecurity",
    "publishedDate": "20 July 2023",
    "author": "Daniel Brown",
    "btnText": "Read More"
  },
  {
    "id": 10,
    "slug": "blockchain-beyond-crypto",
    "title": "Blockchain Technology Beyond Cryptocurrency",
    "description": "Onubia semper vel donec torquent fusce mauris felis aptent lacinia nisl, lectus himenaeos euismod molestie iaculis interdum in laoreet condimentum dictum, quisque quam risus sollicitudin gravida ut odio per a et. Gravida maecenas lobortis suscipit mus sociosqu convallis, mollis vestibulum donec aliquam risus sapien ridiculus, nulla sollicitudin eget in venenatis. Tortor montes platea iaculis posuere per mauris, eros porta blandit curabitur ullamcorper varius",
    "image": "/images/blog/10.jpg",
    "width": "1600",
    "height": "960",
    "detailsImg": "/images/blog/9.jpg",
    "category": "Technology",
    "tag": "Blockchain",
    "publishedDate": "25 July 2023",
    "author": "Olivia White",
    "btnText": "Read More"
  },
  {
    "id": 11,
    "slug": "remote-work-future",
    "title": "The Future of Remote Work: Trends and Predictions",
    "description": "Onubia semper vel donec torquent fusce mauris felis aptent lacinia nisl, lectus himenaeos euismod molestie iaculis interdum in laoreet condimentum dictum, quisque quam risus sollicitudin gravida ut odio per a et. Gravida maecenas lobortis suscipit mus sociosqu convallis, mollis vestibulum donec aliquam risus sapien ridiculus, nulla sollicitudin eget in venenatis. Tortor montes platea iaculis posuere per mauris, eros porta blandit curabitur ullamcorper varius",
    "image": "/images/blog/12.jpg",
    "width": "1600",
    "height": "960",
    "detailsImg": "/images/blog/11.jpg",
    "category": "Business",
    "tag": "Remote Work",
    "publishedDate": "30 July 2023",
    "author": "Chris Martin",
    "btnText": "Read More"
  },
  {
    "id": 12,
    "slug": "sustainable-tech-solutions",
    "title": "Sustainable Tech Solutions for Modern Businesses",
    "description": "Onubia semper vel donec torquent fusce mauris felis aptent lacinia nisl, lectus himenaeos euismod molestie iaculis interdum in laoreet condimentum dictum, quisque quam risus sollicitudin gravida ut odio per a et. Gravida maecenas lobortis suscipit mus sociosqu convallis, mollis vestibulum donec aliquam risus sapien ridiculus, nulla sollicitudin eget in venenatis. Tortor montes platea iaculis posuere per mauris, eros porta blandit curabitur ullamcorper varius",
    "image": "/images/blog/2.jpg",
    "width": "1600",
    "height": "960",
    "detailsImg": "/images/blog/3.jpg",
    "category": "Technology",
    "tag": "Sustainability",
    "publishedDate": "5 August 2023",
    "author": "Sophia Lee",
    "btnText": "Read More"
  }
]
