[
  {
    "id": 1,
    "slug": "complete-web-developer-2023",
    "img": "/images/course/01.jpg",
    "category": "Web Development",
    "lessonCount": "25",
    "studentCount": "54",
    "title": "The Complete Web Developer in 2023: Zero to Mastery",
    "author": "angela-yu",
    "authorName": "Dr. Angela Yu",
    "ratingCount": "4.5",
    "totalRating": "2",
    "updateDate": "12/02/2024",
    "prevPrice": "99.99",
    "price": "0",
    "imgWidth": 290,
    "imgHeight": 210,
    "tag": "business",
    "bestSeller": true,
    "type": "course",
    "level": "beginner",
    "completePercent": "80"
  },
  {
    "id": 2,
    "slug": "data-science-bootcamp",
    "img": "/images/course/02.jpg",
    "category": "Data Science",
    "lessonCount": "30",
    "studentCount": "75",
    "title": "Data Science Bootcamp: From beginner to Professional",
    "author": "john-doe",
    "authorName": "John Doe",
    "ratingCount": "4.7",
    "totalRating": "3",
    "updateDate": "21/05/2024",
    "prevPrice": "99.99",
    "price": "89.99",
    "imgWidth": 290,
    "imgHeight": 210,
    "tag": "music",
    "bestSeller": true,
    "type": "course",
    "level": "beginner",
    "completePercent": "70"
  },
  {
    "id": 3,
    "slug": "machine-learning-a-z",
    "img": "/images/course/03.jpg",
    "category": "Machine Learning",
    "lessonCount": "40",
    "studentCount": "120",
    "title": "Machine Learning A-Z: Hands-On Python In Data Science",
    "author": "jane-smith",
    "authorName": "Jane Smith",
    "ratingCount": "4.8",
    "totalRating": "2",
    "updateDate": "11/03/2024",
    "prevPrice": "119.99",
    "price": "109.99",
    "imgWidth": 290,
    "imgHeight": 210,
    "tag": "marketing",
    "bestSeller": true,
    "type": "course",
    "level": "beginner",
    "completePercent": "60"
  },
  {
    "id": 4,
    "slug": "cloud-computing-masterclass",
    "img": "/images/course/04.jpg",
    "category": "Cloud Computing",
    "lessonCount": "20",
    "studentCount": "45",
    "title": "Cloud Computing Masterclass: AWS, Azure, and Google Cloud",
    "author": "michael-brown",
    "authorName": "Michael Brown",
    "ratingCount": "4.6",
    "totalRating": "6",
    "updateDate": "14/04/2024",
    "prevPrice": "89.99",
    "price": "79.99",
    "imgWidth": 290,
    "imgHeight": 210,
    "tag": "music",
    "bestSeller": false,
    "type": "bundle",
    "level": "beginner",
    "completePercent": "75"
  },
  {
    "id": 5,
    "slug": "cybersecurity-essentials",
    "img": "/images/course/05.jpg",
    "category": "Cybersecurity",
    "lessonCount": "35",
    "studentCount": "80",
    "title": "Cybersecurity Essentials: Protect Your Online Presence",
    "author": "emily-davis",
    "authorName": "Emily Davis",
    "ratingCount": "4.7",
    "totalRating": "4",
    "updateDate": "17/04/2024",
    "prevPrice": "99.99",
    "price": "89.99",
    "imgWidth": 290,
    "imgHeight": 210,
    "tag": "marketing",
    "bestSeller": true,
    "type": "course",
    "level": "advance",
    "completePercent": "60"
  },
  {
    "id": 6,
    "slug": "devops-practices-and-tools",
    "img": "/images/course/06.jpg",
    "category": "DevOps",
    "lessonCount": "28",
    "studentCount": "60",
    "title": "DevOps Practices and Tools: From beginner to Expert",
    "author": "david-wilson",
    "authorName": "David Wilson",
    "ratingCount": "4.5",
    "totalRating": "7",
    "updateDate": "15/03/2024",
    "prevPrice": "89.99",
    "price": "79.99",
    "imgWidth": 290,
    "imgHeight": 210,
    "tag": "business",
    "bestSeller": false,
    "type": "bundle",
    "level": "advance",
    "completePercent": "90"
  },
  {
    "id": 7,
    "slug": "ui-ux-design-foundations",
    "img": "/images/course/07.jpg",
    "category": "Web Development",
    "lessonCount": "22",
    "studentCount": "50",
    "title": "UI/UX Design Foundations: Create Beautiful Interfaces",
    "author": "sarah-lee",
    "authorName": "Sarah Lee",
    "ratingCount": "4.6",
    "totalRating": "2",
    "updateDate": "18/04/2024",
    "prevPrice": "79.99",
    "price": "69.99",
    "imgWidth": 290,
    "imgHeight": 210,
    "tag": "design",
    "bestSeller": true,
    "type": "course",
    "level": "advance",
    "completePercent": "70"
  },
  {
    "id": 8,
    "slug": "advanced-python-programming",
    "img": "/images/course/08.jpg",
    "category": "Programming",
    "lessonCount": "26",
    "studentCount": "90",
    "title": "advanced Python Programming: Build Real-World Applications",
    "author": "robert-brown",
    "authorName": "Robert Brown",
    "ratingCount": "4.7",
    "totalRating": "4",
    "updateDate": "16/05/2024",
    "prevPrice": "89.99",
    "price": "79.99",
    "imgWidth": 290,
    "imgHeight": 210,
    "tag": "marketing",
    "bestSeller": true,
    "type": "bundle",
    "level": "advance",
    "completePercent": "65"
  },
  {
    "id": 9,
    "slug": "ai-and-deep-learning",
    "img": "/images/course/03.jpg",
    "category": "Artificial Intelligence",
    "lessonCount": "45",
    "studentCount": "150",
    "title": "AI and Deep Learning: Master the Concepts and Techniques",
    "author": "laura-martinez",
    "authorName": "Laura Martinez",
    "ratingCount": "4.8",
    "totalRating": "2",
    "updateDate": "07/03/2024",
    "prevPrice": "119.99",
    "price": "109.99",
    "imgWidth": 290,
    "imgHeight": 210,
    "tag": "design",
    "bestSeller": false,
    "type": "course",
    "level": "beginner",
    "completePercent": "55"
  },
  {
    "id": 10,
    "slug": "blockchain-development",
    "img": "/images/course/05.jpg",
    "category": "Blockchain",
    "lessonCount": "32",
    "studentCount": "70",
    "title": "Blockchain Development: Create Decentralized Applications",
    "author": "daniel-anderson",
    "authorName": "Daniel Anderson",
    "ratingCount": "4.6",
    "totalRating": "3",
    "updateDate": "26/01/2024",
    "prevPrice": "99.99",
    "price": "89.99",
    "imgWidth": 290,
    "imgHeight": 210,
    "tag": "business",
    "bestSeller": true,
    "type": "bundle",
    "level": "advance",
    "completePercent": "70"
  }
]
