[
  {
    "id": 1,
    "slug": "edtech-summit",
    "img": "/images/events/01.jpg",
    "detailsImg": "/images/events/10.jpg",
    "price": "$46.00",
    "totalSlot": "52",
    "bookedSlot": "0",
    "date": "December 26, 2023",
    "time": "10:30 am",
    "location": "Yarra Park, Melbourne",
    "title": "EdTech Summit: Revolutionizing Learning",
    "description": "Join us for a day of insightful talks, interactive workshops, and networking opportunities with industry experts and thought leaders.",
    "imgWidth": 262,
    "imgHeight": 160
  },
  {
    "id": 2,
    "slug": "ai-conference",
    "img": "/images/events/02.jpg",
    "detailsImg": "/images/events/10.jpg",
    "price": "$52.00",
    "totalSlot": "44",
    "bookedSlot": "3",
    "date": "January 15, 2024",
    "time": "9:00 am",
    "location": "Silicon Valley, California",
    "title": "AI Conference: Shaping the Future",
    "description": "Join us for a day of insightful talks, interactive workshops, and networking opportunities with industry experts and thought leaders.",
    "imgWidth": 262,
    "imgHeight": 160
  },
  {
    "id": 3,
    "slug": "blockchain-expo",
    "img": "/images/events/03.jpg",
    "detailsImg": "/images/events/10.jpg",
    "price": "$56.00",
    "totalSlot": "52",
    "bookedSlot": "5",
    "date": "February 20, 2024",
    "time": "11:00 am",
    "location": "Berlin, Germany",
    "title": "Blockchain Expo: Decentralizing the World",
    "description": "Join us for a day of insightful talks, interactive workshops, and networking opportunities with industry experts and thought leaders.",
    "imgWidth": 262,
    "imgHeight": 160
  },
  {
    "id": 4,
    "slug": "cybersecurity-summit",
    "img": "/images/events/04.jpg",
    "detailsImg": "/images/events/10.jpg",
    "price": "$65.00",
    "totalSlot": "63",
    "bookedSlot": "6",
    "date": "March 5, 2024",
    "time": "1:00 pm",
    "location": "New York, USA",
    "title": "Cybersecurity Summit: Protecting Digital Assets",
    "description": "Join us for a day of insightful talks, interactive workshops, and networking opportunities with industry experts and thought leaders.",
    "imgWidth": 262,
    "imgHeight": 160
  },
  {
    "id": 5,
    "slug": "healthtech-forum",
    "img": "/images/events/05.jpg",
    "detailsImg": "/images/events/10.jpg",
    "price": "$72.00",
    "totalSlot": "64",
    "bookedSlot": "8",
    "date": "April 10, 2024",
    "time": "10:00 am",
    "location": "Tokyo, Japan",
    "title": "HealthTech Forum: Innovations in Healthcare",
    "description": "Join us for a day of insightful talks, interactive workshops, and networking opportunities with industry experts and thought leaders.",
    "imgWidth": 262,
    "imgHeight": 160
  },
  {
    "id": 6,
    "slug": "green-tech-expo",
    "img": "/images/events/06.jpg",
    "detailsImg": "/images/events/10.jpg",
    "price": "$66.00",
    "totalSlot": "67",
    "bookedSlot": "12",
    "date": "May 18, 2024",
    "time": "9:30 am",
    "location": "Copenhagen, Denmark",
    "title": "Green Tech Expo: Sustainable Solutions",
    "description": "Join us for a day of insightful talks, interactive workshops, and networking opportunities with industry experts and thought leaders.",
    "imgWidth": 262,
    "imgHeight": 160
  },
  {
    "id": 7,
    "slug": "fintech-conference",
    "img": "/images/events/07.jpg",
    "detailsImg": "/images/events/10.jpg",
    "price": "$47.00",
    "totalSlot": "35",
    "bookedSlot": "6",
    "date": "June 22, 2024",
    "time": "10:00 am",
    "location": "London, UK",
    "title": "FinTech Conference: The Future of Finance",
    "description": "Join us for a day of insightful talks, interactive workshops, and networking opportunities with industry experts and thought leaders.",
    "imgWidth": 262,
    "imgHeight": 160
  },
  {
    "id": 8,
    "slug": "robotics-symposium",
    "img": "/images/events/08.jpg",
    "detailsImg": "/images/events/10.jpg",
    "price": "$76.00",
    "totalSlot": "42",
    "bookedSlot": "9",
    "date": "July 30, 2024",
    "time": "2:00 pm",
    "location": "Seoul, South Korea",
    "title": "Robotics Symposium: The Next Generation",
    "description": "Join us for a day of insightful talks, interactive workshops, and networking opportunities with industry experts and thought leaders.",
    "imgWidth": 262,
    "imgHeight": 160
  },
  {
    "id": 9,
    "slug": "virtual-reality-expo",
    "img": "/images/events/09.jpg",
    "detailsImg": "/images/events/10.jpg",
    "price": "$82.00",
    "totalSlot": "83",
    "bookedSlot": "10",
    "date": "August 25, 2024",
    "time": "12:00 pm",
    "location": "San Francisco, USA",
    "title": "Virtual Reality Expo: Beyond the Screen",
    "description": "Join us for a day of insightful talks, interactive workshops, and networking opportunities with industry experts and thought leaders.",
    "imgWidth": 262,
    "imgHeight": 160
  },
  {
    "id": 10,
    "slug": "edtech-innovation-day",
    "img": "/images/events/10.jpg",
    "detailsImg": "/images/events/10.jpg",
    "price": "$86.00",
    "totalSlot": "54",
    "bookedSlot": "12",
    "date": "September 15, 2024",
    "time": "11:00 am",
    "location": "Sydney, Australia",
    "title": "EdTech Innovation Day: The Future of Education",
    "description": "Join us for a day of insightful talks, interactive workshops, and networking opportunities with industry experts and thought leaders.",
    "imgWidth": 262,
    "imgHeight": 160
  }
]
