[
  {
    "type": "search",
    "title": "Search",
    "placeholder": "Search Course..."
  },
  {
    "type": "checkbox",
    "title": "Type",
    "items": [
      { "id": "course", "label": "Course", "count": 20000 },
      { "id": "bundle", "label": "Bundle", "count": 20000 }
    ]
  },
  {
    "type": "checkbox",
    "title": "Category",
    "items": [
      { "id": "web-development", "label": "Web Development", "count": 130 },
      { "id": "blockchain", "label": "Blockchain", "count": 130 },
      { "id": "data-science", "label": "Data Science", "count": 85 },
      { "id": "machine-learning", "label": "Machine Learning", "count": 210 },
      { "id": "cloud-computing", "label": "Cloud Computing", "count": 45 },
      { "id": "cybersecurity", "label": "Cybersecurity", "count": 35 },
      { "id": "devops", "label": "DevOps", "count": 66 },
      { "id": "programming", "label": "Programming", "count": 95 },
      {
        "id": "artificial-intelligence",
        "label": "Artificial Intelligence",
        "count": 150
      }
    ]
  },
  {
    "type": "checkbox",
    "title": "Level",
    "items": [
      { "id": "all", "label": "All Levels", "count": 130 },
      { "id": "beginner", "label": "Beginner", "count": 85 },
      { "id": "intermediate", "label": "Intermediate", "count": 210 },
      { "id": "advance", "label": "Advance", "count": 45 }
    ]
  },
  {
    "type": "checkbox",
    "title": "Author",
    "items": [
      { "id": "admin", "label": "Admin", "count": 130 },
      { "id": "sarah-lee", "label": "Sarah Lee", "count": 85 },
      { "id": "robert-brown", "label": "Robert Brown", "count": 210 },
      { "id": "david-wilson", "label": "David Wilson", "count": 45 },
      { "id": "michael-brown", "label": "Michael Brown", "count": 45 },
      { "id": "jane-smith", "label": "Jane Smith", "count": 45 }
    ]
  },
  {
    "type": "checkbox",
    "title": "Tags",
    "items": [
      { "id": "marketing", "label": "Marketing", "count": 10 },
      { "id": "business", "label": "Business", "count": 85 },
      { "id": "design", "label": "Design", "count": 21 },
      { "id": "music", "label": "Music", "count": 21 }
    ]
  },
  {
    "type": "checkbox",
    "title": "Price",
    "items": [
      { "id": "free", "label": "Free", "count": 6 },
      { "id": "paid", "label": "Paid", "count": 80 }
    ]
  }
]
