[
  {
    "id": 1,
    "slug": "insight-industry-expert",
    "img": "/images/zoom/01.jpg",
    "detailsImg": "/images/zoom/07.jpg",
    "date": "December 12, 2024",
    "time": "10:30 am",
    "duration": "30 minutes",
    "timezone": "Atlantic/Azores",
    "link": "512475523222",
    "host": "Adam Smith",
    "categories": "Strategies",
    "title": "Insights from Industry Experts",
    "description": "Join us for a day of insightful talks, interactive workshops, and networking opportunities with industry experts and thought leaders.",
    "imgWidth": 400,
    "imgHeight": 240
  },
  {
    "id": 2,
    "slug": "tips-for-confident-communication",
    "img": "/images/zoom/02.jpg",
    "detailsImg": "/images/zoom/07.jpg",
    "date": "December 07, 2024",
    "time": "09:30 am",
    "duration": "30 minutes",
    "timezone": "Atlantic/Azores",
    "link": "432175523222",
    "host": "Adam Smith",
    "categories": "Strategies",
    "title": "Tips for Confident Communication",
    "description": "Join us for a day of insightful talks, interactive workshops, and networking opportunities with industry experts and thought leaders.",
    "imgWidth": 400,
    "imgHeight": 240
  },
  {
    "id": 3,
    "slug": "from-idea-to-business-plan",
    "img": "/images/zoom/03.jpg",
    "detailsImg": "/images/zoom/07.jpg",
    "date": "December 14, 2024",
    "time": "11:00 am",
    "duration": "45 minutes",
    "timezone": "Atlantic/Azores",
    "link": "712475523222",
    "host": "Adam Smith",
    "categories": "Strategies",
    "title": "From Idea to Business Plan",
    "description": "Join us for a day of insightful talks, interactive workshops, and networking opportunities with industry experts and thought leaders.",
    "imgWidth": 400,
    "imgHeight": 240
  },
  {
    "id": 4,
    "slug": "an-introductory-guide",
    "img": "/images/zoom/04.jpg",
    "detailsImg": "/images/zoom/07.jpg",
    "date": "December 26, 2024",
    "time": "09:45 am",
    "duration": "45 minutes",
    "timezone": "Atlantic/Azores",
    "link": "212475523222",
    "host": "Adam Smith",
    "categories": "Strategies",
    "title": "An Introductory Guide",
    "description": "Join us for a day of insightful talks, interactive workshops, and networking opportunities with industry experts and thought leaders.",
    "imgWidth": 400,
    "imgHeight": 240
  },
  {
    "id": 5,
    "slug": "building-a-greener-future",
    "img": "/images/zoom/05.jpg",
    "detailsImg": "/images/zoom/07.jpg",
    "date": "December 22, 2024",
    "time": "04:30 pm",
    "duration": "40 minutes",
    "timezone": "Atlantic/Azores",
    "link": "312475523222",
    "host": "Adam Smith",
    "categories": "Strategies",
    "title": "Building a Greener Future",
    "description": "Join us for a day of insightful talks, interactive workshops, and networking opportunities with industry experts and thought leaders.",
    "imgWidth": 400,
    "imgHeight": 240
  },
  {
    "id": 6,
    "slug": "strategies-for-success-in-algebra",
    "img": "/images/zoom/06.jpg",
    "detailsImg": "/images/zoom/07.jpg",
    "date": "December 29, 2024",
    "time": "11:00 am",
    "duration": "30 minutes",
    "timezone": "Atlantic/Azores",
    "link": "912475523222",
    "host": "Adam Smith",
    "categories": "Strategies",
    "title": "Strategies for Success in Algebra",
    "description": "Join us for a day of insightful talks, interactive workshops, and networking opportunities with industry experts and thought leaders.",
    "imgWidth": 400,
    "imgHeight": 240
  },
  {
    "id": 7,
    "slug": "insight-industry-expert",
    "img": "/images/zoom/01.jpg",
    "detailsImg": "/images/zoom/07.jpg",
    "date": "December 26, 2024",
    "time": "10:30 am",
    "duration": "30 minutes",
    "timezone": "Atlantic/Azores",
    "link": "512475523222",
    "host": "Adam Smith",
    "categories": "Strategies",
    "title": "Insights from Industry Experts",
    "description": "Join us for a day of insightful talks, interactive workshops, and networking opportunities with industry experts and thought leaders.",
    "imgWidth": 400,
    "imgHeight": 240
  },
  {
    "id": 8,
    "slug": "insight-industry-expert",
    "img": "/images/zoom/01.jpg",
    "detailsImg": "/images/zoom/07.jpg",
    "date": "December 26, 2024",
    "time": "10:30 am",
    "duration": "30 minutes",
    "timezone": "Atlantic/Azores",
    "link": "512475523222",
    "host": "Adam Smith",
    "categories": "Strategies",
    "title": "Insights from Industry Experts",
    "description": "Join us for a day of insightful talks, interactive workshops, and networking opportunities with industry experts and thought leaders.",
    "imgWidth": 400,
    "imgHeight": 240
  },
  {
    "id": 9,
    "slug": "insight-industry-expert",
    "img": "/images/zoom/01.jpg",
    "detailsImg": "/images/zoom/07.jpg",
    "date": "December 26, 2024",
    "time": "10:30 am",
    "duration": "30 minutes",
    "timezone": "Atlantic/Azores",
    "link": "512475523222",
    "host": "Adam Smith",
    "categories": "Strategies",
    "title": "Insights from Industry Experts",
    "description": "Join us for a day of insightful talks, interactive workshops, and networking opportunities with industry experts and thought leaders.",
    "imgWidth": 400,
    "imgHeight": 240
  },
  {
    "id": 10,
    "slug": "insight-industry-expert",
    "img": "/images/zoom/01.jpg",
    "detailsImg": "/images/zoom/07.jpg",
    "date": "December 26, 2024",
    "time": "10:30 am",
    "duration": "30 minutes",
    "timezone": "Atlantic/Azores",
    "link": "512475523222",
    "host": "Adam Smith",
    "categories": "Strategies",
    "title": "Insights from Industry Experts",
    "description": "Join us for a day of insightful talks, interactive workshops, and networking opportunities with industry experts and thought leaders.",
    "imgWidth": 400,
    "imgHeight": 240
  }
]
