[
  {
    "id": 1,
    "slug": "recent-design-course",
    "topic": "Course: New Courses",
    "title": "Recently Update Design Course",
    "description": "Onubia semper vel donec torquent fusce mauris felis aptent lacinia nisl, lectus himenaeos euismod molestie iaculis interdum in laoreet condimentum dictum, quisque quam risus sollicitudin gravida ut odio per a et. Gravida maecenas lobortis suscipit mus sociosqu convallis, mollis vestibulum donec aliquam risus sapien ridiculus, nulla sollicitudin eget in venenatis. Tortor montes platea iaculis posuere per mauris, eros porta blandit curabitur ullamcorper varius",
    "author": "Emily Davis",
    "img": "01.png",
    "date": "November 28, 2023",
    "time": "10:00 pm",
    "marks": "6",
    "status": "active"
  },
  {
    "id": 2,
    "slug": "web-design-course",
    "topic": "Design: New Designs",
    "title": "Web Design Course",
    "description": "Onubia semper vel donec torquent fusce mauris felis aptent lacinia nisl, lectus himenaeos euismod molestie iaculis interdum in laoreet condimentum dictum, quisque quam risus sollicitudin gravida ut odio per a et. Gravida maecenas lobortis suscipit mus sociosqu convallis, mollis vestibulum donec aliquam risus sapien ridiculus, nulla sollicitudin eget in venenatis. Tortor montes platea iaculis posuere per mauris, eros porta blandit curabitur ullamcorper varius",
    "author": "David Wills",
    "img": "01.png",
    "date": "November 28, 2023",
    "time": "09:00 pm",
    "marks": "6",
    "status": "active"
  },
  {
    "id": 3,
    "slug": "marketing-design-course",
    "topic": "Marketing: New Marketing",
    "title": "Update Web Design",
    "description": "Onubia semper vel donec torquent fusce mauris felis aptent lacinia nisl, lectus himenaeos euismod molestie iaculis interdum in laoreet condimentum dictum, quisque quam risus sollicitudin gravida ut odio per a et. Gravida maecenas lobortis suscipit mus sociosqu convallis, mollis vestibulum donec aliquam risus sapien ridiculus, nulla sollicitudin eget in venenatis. Tortor montes platea iaculis posuere per mauris, eros porta blandit curabitur ullamcorper varius",
    "author": "Sarah Lee",
    "img": "02.png",
    "date": "November 28, 2023",
    "time": "09:30 pm",
    "marks": "6",
    "status": "active"
  },
  {
    "id": 4,
    "slug": "recent-web-course",
    "topic": "Course: New Courses",
    "title": "Recently Update Web",
    "description": "Onubia semper vel donec torquent fusce mauris felis aptent lacinia nisl, lectus himenaeos euismod molestie iaculis interdum in laoreet condimentum dictum, quisque quam risus sollicitudin gravida ut odio per a et. Gravida maecenas lobortis suscipit mus sociosqu convallis, mollis vestibulum donec aliquam risus sapien ridiculus, nulla sollicitudin eget in venenatis. Tortor montes platea iaculis posuere per mauris, eros porta blandit curabitur ullamcorper varius",
    "author": "Robert Brown",
    "img": "03.png",
    "date": "November 28, 2023",
    "time": "08:30 pm",
    "marks": "6",
    "status": "active"
  },
  {
    "id": 5,
    "slug": "update-design-course",
    "topic": "Design: New Designs",
    "title": "Update Web Design Course",
    "description": "Onubia semper vel donec torquent fusce mauris felis aptent lacinia nisl, lectus himenaeos euismod molestie iaculis interdum in laoreet condimentum dictum, quisque quam risus sollicitudin gravida ut odio per a et. Gravida maecenas lobortis suscipit mus sociosqu convallis, mollis vestibulum donec aliquam risus sapien ridiculus, nulla sollicitudin eget in venenatis. Tortor montes platea iaculis posuere per mauris, eros porta blandit curabitur ullamcorper varius",
    "author": "Angela Yu",
    "img": "04.png",
    "date": "November 28, 2023",
    "time": "09:00 pm",
    "marks": "6",
    "status": "active"
  },
  {
    "id": 6,
    "slug": "recent-web-design",
    "topic": "Course: New Courses",
    "title": "Recently Update Design Course",
    "description": "Onubia semper vel donec torquent fusce mauris felis aptent lacinia nisl, lectus himenaeos euismod molestie iaculis interdum in laoreet condimentum dictum, quisque quam risus sollicitudin gravida ut odio per a et. Gravida maecenas lobortis suscipit mus sociosqu convallis, mollis vestibulum donec aliquam risus sapien ridiculus, nulla sollicitudin eget in venenatis. Tortor montes platea iaculis posuere per mauris, eros porta blandit curabitur ullamcorper varius",
    "author": "Stuard Blow",
    "img": "05.png",
    "date": "November 28, 2023",
    "time": "09:15 pm",
    "marks": "6",
    "status": "active"
  },
  {
    "id": 7,
    "slug": "update-web-course",
    "topic": "Course: New Courses",
    "title": "Recently Update Web",
    "description": "Onubia semper vel donec torquent fusce mauris felis aptent lacinia nisl, lectus himenaeos euismod molestie iaculis interdum in laoreet condimentum dictum, quisque quam risus sollicitudin gravida ut odio per a et. Gravida maecenas lobortis suscipit mus sociosqu convallis, mollis vestibulum donec aliquam risus sapien ridiculus, nulla sollicitudin eget in venenatis. Tortor montes platea iaculis posuere per mauris, eros porta blandit curabitur ullamcorper varius",
    "author": "Paul Walker",
    "img": "06.png",
    "date": "November 28, 2023",
    "time": "08:20 pm",
    "marks": "6",
    "status": "active"
  },
  {
    "id": 8,
    "slug": "recent-web-design-course",
    "topic": "Course: New Courses",
    "title": "Web Design Course",
    "description": "Onubia semper vel donec torquent fusce mauris felis aptent lacinia nisl, lectus himenaeos euismod molestie iaculis interdum in laoreet condimentum dictum, quisque quam risus sollicitudin gravida ut odio per a et. Gravida maecenas lobortis suscipit mus sociosqu convallis, mollis vestibulum donec aliquam risus sapien ridiculus, nulla sollicitudin eget in venenatis. Tortor montes platea iaculis posuere per mauris, eros porta blandit curabitur ullamcorper varius",
    "author": "Mike Yun",
    "img": "07.png",
    "date": "November 28, 2023",
    "time": "10:00 pm",
    "marks": "6",
    "status": "active"
  },
  {
    "id": 9,
    "slug": "update-web-design-course",
    "topic": "Course: New Courses",
    "title": "Update Web Design",
    "description": "Onubia semper vel donec torquent fusce mauris felis aptent lacinia nisl, lectus himenaeos euismod molestie iaculis interdum in laoreet condimentum dictum, quisque quam risus sollicitudin gravida ut odio per a et. Gravida maecenas lobortis suscipit mus sociosqu convallis, mollis vestibulum donec aliquam risus sapien ridiculus, nulla sollicitudin eget in venenatis. Tortor montes platea iaculis posuere per mauris, eros porta blandit curabitur ullamcorper varius",
    "author": "James Trees",
    "img": "08.png",
    "date": "November 28, 2023",
    "time": "10:30 pm",
    "marks": "6",
    "status": "active"
  },
  {
    "id": 10,
    "slug": "recent-update-design-course",
    "topic": "Course: New Courses",
    "title": "Recently Web Design Course",
    "description": "Onubia semper vel donec torquent fusce mauris felis aptent lacinia nisl, lectus himenaeos euismod molestie iaculis interdum in laoreet condimentum dictum, quisque quam risus sollicitudin gravida ut odio per a et. Gravida maecenas lobortis suscipit mus sociosqu convallis, mollis vestibulum donec aliquam risus sapien ridiculus, nulla sollicitudin eget in venenatis. Tortor montes platea iaculis posuere per mauris, eros porta blandit curabitur ullamcorper varius",
    "author": "David Mike",
    "img": "09.png",
    "date": "November 28, 2023",
    "time": "08:30 pm",
    "marks": "6",
    "status": "active"
  },
  {
    "id": 11,
    "slug": "recent-web-design-course",
    "topic": "Course: New Courses",
    "title": "Web Design Course",
    "description": "Onubia semper vel donec torquent fusce mauris felis aptent lacinia nisl, lectus himenaeos euismod molestie iaculis interdum in laoreet condimentum dictum, quisque quam risus sollicitudin gravida ut odio per a et. Gravida maecenas lobortis suscipit mus sociosqu convallis, mollis vestibulum donec aliquam risus sapien ridiculus, nulla sollicitudin eget in venenatis. Tortor montes platea iaculis posuere per mauris, eros porta blandit curabitur ullamcorper varius",
    "author": "John Smith",
    "img": "10.png",
    "date": "November 28, 2023",
    "time": "09:00 pm",
    "marks": "6",
    "status": "active"
  },
  {
    "id": 12,
    "slug": "recent-web-design-course",
    "topic": "Course: New Courses",
    "title": "Recently Update Design Course",
    "description": "Onubia semper vel donec torquent fusce mauris felis aptent lacinia nisl, lectus himenaeos euismod molestie iaculis interdum in laoreet condimentum dictum, quisque quam risus sollicitudin gravida ut odio per a et. Gravida maecenas lobortis suscipit mus sociosqu convallis, mollis vestibulum donec aliquam risus sapien ridiculus, nulla sollicitudin eget in venenatis. Tortor montes platea iaculis posuere per mauris, eros porta blandit curabitur ullamcorper varius",
    "author": "Jane Due",
    "img": "11.png",
    "date": "November 28, 2023",
    "time": "10:30 pm",
    "marks": "6",
    "status": "active"
  },
  {
    "id": 13,
    "slug": "recent-design-course",
    "topic": "Course: New Courses",
    "title": "Recently Update Design Course",
    "description": "Onubia semper vel donec torquent fusce mauris felis aptent lacinia nisl, lectus himenaeos euismod molestie iaculis interdum in laoreet condimentum dictum, quisque quam risus sollicitudin gravida ut odio per a et. Gravida maecenas lobortis suscipit mus sociosqu convallis, mollis vestibulum donec aliquam risus sapien ridiculus, nulla sollicitudin eget in venenatis. Tortor montes platea iaculis posuere per mauris, eros porta blandit curabitur ullamcorper varius",
    "author": "Emily Davis",
    "img": "01.png",
    "date": "November 28, 2023",
    "time": "10:00 pm",
    "marks": "6",
    "status": "active"
  },
  {
    "id": 14,
    "slug": "web-design-course",
    "topic": "Design: New Designs",
    "title": "Web Design Course",
    "description": "Onubia semper vel donec torquent fusce mauris felis aptent lacinia nisl, lectus himenaeos euismod molestie iaculis interdum in laoreet condimentum dictum, quisque quam risus sollicitudin gravida ut odio per a et. Gravida maecenas lobortis suscipit mus sociosqu convallis, mollis vestibulum donec aliquam risus sapien ridiculus, nulla sollicitudin eget in venenatis. Tortor montes platea iaculis posuere per mauris, eros porta blandit curabitur ullamcorper varius",
    "author": "David Wills",
    "img": "01.png",
    "date": "November 28, 2023",
    "time": "09:00 pm",
    "marks": "6",
    "status": "active"
  },
  {
    "id": 15,
    "slug": "marketing-design-course",
    "topic": "Marketing: New Marketing",
    "title": "Update Web Design",
    "description": "Onubia semper vel donec torquent fusce mauris felis aptent lacinia nisl, lectus himenaeos euismod molestie iaculis interdum in laoreet condimentum dictum, quisque quam risus sollicitudin gravida ut odio per a et. Gravida maecenas lobortis suscipit mus sociosqu convallis, mollis vestibulum donec aliquam risus sapien ridiculus, nulla sollicitudin eget in venenatis. Tortor montes platea iaculis posuere per mauris, eros porta blandit curabitur ullamcorper varius",
    "author": "Sarah Lee",
    "img": "02.png",
    "date": "November 28, 2023",
    "time": "09:30 pm",
    "marks": "6",
    "status": "active"
  },
  {
    "id": 16,
    "slug": "recent-web-course",
    "topic": "Course: New Courses",
    "title": "Recently Update Web",
    "description": "Onubia semper vel donec torquent fusce mauris felis aptent lacinia nisl, lectus himenaeos euismod molestie iaculis interdum in laoreet condimentum dictum, quisque quam risus sollicitudin gravida ut odio per a et. Gravida maecenas lobortis suscipit mus sociosqu convallis, mollis vestibulum donec aliquam risus sapien ridiculus, nulla sollicitudin eget in venenatis. Tortor montes platea iaculis posuere per mauris, eros porta blandit curabitur ullamcorper varius",
    "author": "Robert Brown",
    "img": "03.png",
    "date": "November 28, 2023",
    "time": "08:30 pm",
    "marks": "6",
    "status": "active"
  },
  {
    "id": 17,
    "slug": "update-design-course",
    "topic": "Design: New Designs",
    "title": "Update Web Design Course",
    "description": "Onubia semper vel donec torquent fusce mauris felis aptent lacinia nisl, lectus himenaeos euismod molestie iaculis interdum in laoreet condimentum dictum, quisque quam risus sollicitudin gravida ut odio per a et. Gravida maecenas lobortis suscipit mus sociosqu convallis, mollis vestibulum donec aliquam risus sapien ridiculus, nulla sollicitudin eget in venenatis. Tortor montes platea iaculis posuere per mauris, eros porta blandit curabitur ullamcorper varius",
    "author": "Angela Yu",
    "img": "04.png",
    "date": "November 28, 2023",
    "time": "09:00 pm",
    "marks": "6",
    "status": "active"
  },
  {
    "id": 18,
    "slug": "recent-web-design",
    "topic": "Course: New Courses",
    "title": "Recently Update Design Course",
    "description": "Onubia semper vel donec torquent fusce mauris felis aptent lacinia nisl, lectus himenaeos euismod molestie iaculis interdum in laoreet condimentum dictum, quisque quam risus sollicitudin gravida ut odio per a et. Gravida maecenas lobortis suscipit mus sociosqu convallis, mollis vestibulum donec aliquam risus sapien ridiculus, nulla sollicitudin eget in venenatis. Tortor montes platea iaculis posuere per mauris, eros porta blandit curabitur ullamcorper varius",
    "author": "Stuard Blow",
    "img": "05.png",
    "date": "November 28, 2023",
    "time": "09:15 pm",
    "marks": "6",
    "status": "active"
  },
  {
    "id": 19,
    "slug": "update-web-course",
    "topic": "Course: New Courses",
    "title": "Recently Update Web",
    "description": "Onubia semper vel donec torquent fusce mauris felis aptent lacinia nisl, lectus himenaeos euismod molestie iaculis interdum in laoreet condimentum dictum, quisque quam risus sollicitudin gravida ut odio per a et. Gravida maecenas lobortis suscipit mus sociosqu convallis, mollis vestibulum donec aliquam risus sapien ridiculus, nulla sollicitudin eget in venenatis. Tortor montes platea iaculis posuere per mauris, eros porta blandit curabitur ullamcorper varius",
    "author": "Paul Walker",
    "img": "06.png",
    "date": "November 28, 2023",
    "time": "08:20 pm",
    "marks": "6",
    "status": "active"
  },
  {
    "id": 20,
    "slug": "recent-web-design-course",
    "topic": "Course: New Courses",
    "title": "Web Design Course",
    "description": "Onubia semper vel donec torquent fusce mauris felis aptent lacinia nisl, lectus himenaeos euismod molestie iaculis interdum in laoreet condimentum dictum, quisque quam risus sollicitudin gravida ut odio per a et. Gravida maecenas lobortis suscipit mus sociosqu convallis, mollis vestibulum donec aliquam risus sapien ridiculus, nulla sollicitudin eget in venenatis. Tortor montes platea iaculis posuere per mauris, eros porta blandit curabitur ullamcorper varius",
    "author": "Mike Yun",
    "img": "07.png",
    "date": "November 28, 2023",
    "time": "10:00 pm",
    "marks": "6",
    "status": "active"
  },
  {
    "id": 21,
    "slug": "update-web-design-course",
    "topic": "Course: New Courses",
    "title": "Update Web Design",
    "description": "Onubia semper vel donec torquent fusce mauris felis aptent lacinia nisl, lectus himenaeos euismod molestie iaculis interdum in laoreet condimentum dictum, quisque quam risus sollicitudin gravida ut odio per a et. Gravida maecenas lobortis suscipit mus sociosqu convallis, mollis vestibulum donec aliquam risus sapien ridiculus, nulla sollicitudin eget in venenatis. Tortor montes platea iaculis posuere per mauris, eros porta blandit curabitur ullamcorper varius",
    "author": "James Trees",
    "img": "08.png",
    "date": "November 28, 2023",
    "time": "10:30 pm",
    "marks": "6",
    "status": "active"
  },
  {
    "id": 22,
    "slug": "recent-update-design-course",
    "topic": "Course: New Courses",
    "title": "Recently Web Design Course",
    "description": "Onubia semper vel donec torquent fusce mauris felis aptent lacinia nisl, lectus himenaeos euismod molestie iaculis interdum in laoreet condimentum dictum, quisque quam risus sollicitudin gravida ut odio per a et. Gravida maecenas lobortis suscipit mus sociosqu convallis, mollis vestibulum donec aliquam risus sapien ridiculus, nulla sollicitudin eget in venenatis. Tortor montes platea iaculis posuere per mauris, eros porta blandit curabitur ullamcorper varius",
    "author": "David Mike",
    "img": "09.png",
    "date": "November 28, 2023",
    "time": "08:30 pm",
    "marks": "6",
    "status": "active"
  },
  {
    "id": 23,
    "slug": "recent-web-design-course",
    "topic": "Course: New Courses",
    "title": "Web Design Course",
    "description": "Onubia semper vel donec torquent fusce mauris felis aptent lacinia nisl, lectus himenaeos euismod molestie iaculis interdum in laoreet condimentum dictum, quisque quam risus sollicitudin gravida ut odio per a et. Gravida maecenas lobortis suscipit mus sociosqu convallis, mollis vestibulum donec aliquam risus sapien ridiculus, nulla sollicitudin eget in venenatis. Tortor montes platea iaculis posuere per mauris, eros porta blandit curabitur ullamcorper varius",
    "author": "John Smith",
    "img": "10.png",
    "date": "November 28, 2023",
    "time": "09:00 pm",
    "marks": "6",
    "status": "active"
  },
  {
    "id": 24,
    "slug": "recent-web-design-course",
    "topic": "Course: New Courses",
    "title": "Recently Update Design Course",
    "description": "Onubia semper vel donec torquent fusce mauris felis aptent lacinia nisl, lectus himenaeos euismod molestie iaculis interdum in laoreet condimentum dictum, quisque quam risus sollicitudin gravida ut odio per a et. Gravida maecenas lobortis suscipit mus sociosqu convallis, mollis vestibulum donec aliquam risus sapien ridiculus, nulla sollicitudin eget in venenatis. Tortor montes platea iaculis posuere per mauris, eros porta blandit curabitur ullamcorper varius",
    "author": "Jane Due",
    "img": "11.png",
    "date": "November 28, 2023",
    "time": "10:30 pm",
    "marks": "6",
    "status": "active"
  }
]
